name,City,Sectors,organization_type,Funding Type,Amount,Currency,Money Raised (in USD),website,description,Round,Investors,Announced Date,SIREN,SIRET,Founder
HighLife,Paris,MedTech,startup,Growth Equity,80000000,EUR,86960000,https://www.highlifemedical.com,"Develops transcatheter technologies for treating structural heart disease, with a particular focus on mitral regurgitation.",Growth Equity,"Andera Partners, Sofinnova Partners, Supernova Invest, Mérieux Equity Partners, European Investment Bank, BNP Paribas Développement, Capricorn Partners, Critical Path Ventures, Pro Benefis Familiae, SPRIM Global Investments, USVP, Sectoral, VI Partners",2026-09-22,529237695,,"Georg Börtlein, Malek Nasr, Rüdiger Lange, Nicolo Piazza"
Biolevate,Paris,"Artificial Intelligence, HealthTech",startup,Series A,30000000,EUR,32610000,https://www.biolevate.com,"Builds evidence-grade AI software for regulated life sciences workflows, using AI agents to automate scientific, clinical, and regulatory work while maintaining traceability, auditability, and human oversight.",Series A,"RAISE France, Orange Ventures, MSD Global Health Innovation Fund, EQT Ventures",2026-09-21,977728328,,"Joël Belafa, Nathan Chen, Anas Laaroussi"
Wealthcome,Bordeaux,"FinTech, SaaS, Artificial Intelligence",startup,Series B,15000000,EUR,16305000,https://www.wealthcome.fr,"Software platform for wealth-management professionals that centralizes client and asset data, automates workflows, and provides tools for financial advisers, family offices, insurers, and banks.",Series B,"Breega, BlackFin Capital Partners",2026-09-24,909458531,,"Cyprien Delmeule, Éric Foin, Morgan Emmery"
Incepto Medical,Paris,"Artificial Intelligence, HealthTech",startup,Series B,14000000,EUR,15218000,https://incepto-medical.com/,"European platform for deploying and orchestrating curated AI applications across medical-imaging workflows.",Series B,"Impactivist, LBO France, Karista, Bpifrance, Wille Finance",2026-09-22,834926131,,"Florence Moreau, Antoine Jomier, Gaspard d'Assignies"
Kheops,Paris,"SaaS, Artificial Intelligence",startup,Series A,12000000,EUR,13044000,https://www.kheops.io,"B2B platform connecting supermarket stores directly with local and regional suppliers while centralizing product listing, ordering, invoicing, and payments.",Series A,"Odyssée Venture, ISAI, Elaia",2026-09-21,897551834,,"Caroline Poinsignon, Thibault Boyeux"
Horizom,Bordeaux,"AgriTech, ClimateTech, BioTech",startup,Growth Equity,10000000,EUR,10870000,https://horizom.com,"Develops a French bamboo value chain, partnering with farmers to establish bamboo plantations and supplying the resulting biomass to industrial customers as a lower-carbon alternative to wood and fossil-derived materials. The model also monetizes bamboo's carbon-sequestration potential.",Growth Equity,SWEN Capital Partners,2026-09-17,910035641,,"Stéphane Alzaix, Christophe Downey, Dimitri Guyot"
Primo,Paris,"Artificial Intelligence, SaaS, Cybersecurity",startup,Seed,8000000,USD,8000000,https://www.getprimo.com,"All-in-one employee IT management platform combining device management, SaaS and identity/access management, cybersecurity, IT purchasing and support. Adding autonomous AI agents that execute IT operations end to end, including employee onboarding and offboarding.",Seed,"Headline, Global Founders Capital, Arthur Waller, Romain Niccoli, Business Angels",2026-09-22,919404301,,"Martin Pannier, Antoine de Mereuil, Nicolas Nallet"
Zeliq,Paris,"Artificial Intelligence, SaaS",startup,Seed Extension,7000000,EUR,7609000,https://www.zeliq.com,"AI-native sales workspace combining prospect identification, data enrichment, multichannel outreach, and sales automation. Its Zelia agent suite handles sourcing, qualification, and follow-up while keeping sales reps in control of key actions.",Seed extension,"The Moon Venture, CMI, JJCapinvest, Sylvestre Blavet, Ora Global, Cleo Ventures, Business Angels",2026-09-22,922560065,,"Dorian Ciavarella, Guillaume Cruz"
Graneet,Paris,"SaaS, Artificial Intelligence",startup,Growth Equity,7000000,EUR,7609000,https://www.graneet.com/,"Vertical ERP for construction SMEs covering estimating, invoicing, purchasing, workforce management, inventory, CRM, and real-time job profitability.",Growth Equity,"Point Nine, Spring Invest",2026-09-25,881985014,,"Jean-Gabriel Niel, Enzo Dozias, Raphaël Moulin"
RelaiSanté,Paris,"HealthTech, SaaS, Artificial Intelligence",startup,Seed,6000000,EUR,6522000,https://www.relaisante.com/,"Platform connecting hospitals with home-care professionals to organize patient discharge and continuity of care.",Seed,"Ternel, Aquiti, Elaia, Ventech",2026-09-23,100709229,,"Etienne Boix, Pierre Godet"
Reecall,Lyon,"Artificial Intelligence, SaaS",startup,Seed,3500000,EUR,3804500,https://www.reecall.ai/,"White-label infrastructure enabling software vendors, telecom operators, and outsourcers to build and operate enterprise voice-AI features for their customers.",Seed,"Founders Future, Holnest, Mesh, Francis Nappez, Sébastien Lucas, Evolem",2026-09-24,842577017,,"Maxime Trouché, Raphaël Szymocha"
Lightspring,Besançon,"DeepTech, Semiconductors, Artificial Intelligence",startup,Seed,3100000,EUR,3369700,https://www.light-spring.com/,"Develops 3D-fabricated optical interfaces for photonic integrated circuits, using two-photon lithography to make chip packaging more reproducible and scalable.",Seed,"Atlantic, OVNI Capital, Concept Ventures, Ixcore, Plug and Play Ventures, Business Angels",2026-09-22,103414637,,"Grégoire Bonnat, Adrià Grabulosa, Daniel Brunner"
IOPOLE,Pérols,"FinTech, SaaS",startup,Seed,3000000,EUR,3261000,https://iopole.com/,"Provides white-label electronic-invoicing infrastructure that software publishers and fintechs can integrate under their own brands.",Seed,"IRDI Capital Investissement, SOFILARO",2026-09-21,922304308,,"Dorian Keiflin, Yoann Keiflin, Nicolas Saudemont, Gabriel Pala"
WheelMove,Venette,"MedTech, Mobility",startup,Seed,1500000,EUR,1630500,https://www.wheelmove.eu,"Develops ZE ONE, a compact electric-assistance system that converts a manual wheelchair into an all-terrain powered chair while remaining removable and transportable.",Seed,"Rives Croissance, Banque Populaire Rives de Paris, Bpifrance",2026-09-23,944431550,,"Amaury Dupas, Kévin Surbled"
LégiPilot,Lille,"HRTech, LegalTech, SaaS, Artificial Intelligence",startup,Pre-Seed,500000,EUR,543500,https://www.legipilot.com/,"SaaS platform automating HR and employment-law workflows, including contracts, compliance processes, employee administration, and an AI legal/HR assistant.",Pre-Seed,Undisclosed,2026-09-23,924992753,,"Victor Leclaire, Marin de Surirey"
AlphaYoda,Metz,"FinTech, Artificial Intelligence",startup,Pre-Seed,900000,EUR,978300,https://alphayoda.com/,"Uses AI to detect corporate controversies and estimate their potential financial and reputational impact for banks, asset managers, and other financial institutions.",Pre-Seed,Business Angels,2026-09-23,990303638,,"Axel Bonaldo, Marion Bitoune, Cédric de Saint-Léger, Thomas Lagorce"
Le Petit Lunetier,Paris,E-commerce,startup,Growth Equity,248000,EUR,269576,https://www.lepetitlunetier.com,"French eyewear brand selling prescription glasses and sunglasses through its own retail network and online.",Growth Equity,NESO Brands,2026-09-23,809676356,,"Jérémie Dumas, Elie Attias"
Herapreg,Yerres,"MedTech, FemTech",startup,Seed,215000,EUR,233705,https://herapreg.com,"Develops CE-marked medical compression garments for pelvic and vulvar health. Its Pelvinity compression overgarment is designed to relieve pelvic heaviness associated with pregnancy, prolapse, and pelvic congestion; the company is expanding toward chronic gynecological conditions including endometriosis and severe dysmenorrhea.",Seed,Business Angels,2026-09-18,899848717,,Emmanuelle Santos Souffir
Sinergy,Marlenheim,"FinTech, SaaS",startup,Pre-Seed,,EUR,,https://www.sinergy.fr,"Provides turnkey fundraising campaigns for schools, sports clubs and associations based around sales of products from local artisan producers. Handles catalogs, personalized online shops, order preparation, and logistics, with associations retaining up to 40% of sales.",Pre-Seed,Yeast (Grand Est Business Angel Network),2026-09-14,814642740,,"Julien Vaillant, Cédric Nion, Stéphane Mougenot"
Phocea DC,Marseille,"Hardware, Artificial Intelligence",startup,Growth Equity and debt,,EUR,,https://www.phocea-dc.com/,"Develops sovereign, lower-impact edge data centers integrated into the urban fabric of Marseille.",Growth Equity and debt,Marguerite,2026-09-23,952430049,,Damien Desanti
