name,City,Sectors,organization_type,Funding Type,Amount,Currency,Money Raised (in USD),website,description,Round,Investors,Announced Date,SIREN,SIRET,Founder
MokN,Paris,"Cybersecurity, AI",startup,Series A,15000000,USD,15000000,https://www.mokn.io/,"MokN is a cybersecurity company specializing in protection against credential theft. It uses unique 'phish-back' technology to trap attackers and recover compromised credentials, and is building a multi-product platform for Active Identity Recovery.",Series A,"GV (Google Ventures), Datadog, Moonfire, OVNI Capital",2026-05-01,980821474,,"Gautier Bugeon, Antoine Coudoux"
Opal,"Paris, New York City","AI, HealthTech",startup,Seed,10000000,USD,10000000,https://opalapp.com,"Opal develops an ""operating system for attention"" that helps users reduce digital distractions, improve focus, sleep, and wellbeing through AI-powered attention management tools and behavioral interventions.",Seed,"Adjacent, Speedinvest, Night Capital, Tony Fadell, Severin Hacker, Elad Gil, Mathilde Collin",2026-05-01,893034447,,Kenneth Schlenker
Olyzon,"Paris, New York City","MarTech, AI",startup,Series A,10000000,USD,10000000,https://olyzon.tv,"Olyzon develops an AI-powered agentic decisioning platform for Connected TV (CTV) advertising, helping brands and agencies automate media planning, activation, optimization, and measurement across fragmented CTV ecosystems.",Series A,"S4S Ventures, Eurazeo",2026-05-01,953836913,,Jules Minvielle
VorteX-io,Toulouse,"ClimateTech, DeepTech",startup,Series A,8500000,EUR,9239500,https://www.vortex-io.fr,"VorteX-io develops hydrological monitoring solutions that combine autonomous river measurement stations, remote control centers, and analytics platforms to help governments and public organizations manage water resources, anticipate climate risks, and strengthen territorial resilience.",Series A,"Seventure Partners, Banque des Territoires, Daphni",2026-05-01,850904202,,"Guillaume Valladeau, Jean-Christophe Poisson"
ThIA Santé Mentale,Montpellier,"HealthTech, AI",startup,Growth Equity,5000000,EUR,5435000,https://www.thiasantementale.fr/,"ThIA Santé Mentale develops coordinated psychiatric care solutions combining clinical protocols, digital tools, psychiatrists, and psychologists to improve access to mental healthcare and reduce treatment delays.",Growth Equity,"IRDI Capital Investissement, Sofilaro Innovation, Generali, AG2R La Mondiale",2026-05-01,914329677,,"Yann Quintilla, Frédérique Mozziconacci"
Certo,"Paris, San Francisco","AI, Compliance, SaaS",startup,Seed,3430000,USD,3430000,https://www.certo.ai,"Certo develops an AI-powered regulatory compliance platform for beauty and consumer goods companies, helping brands and retailers automate regulatory reviews, ingredient checks, labeling compliance, and market access across more than 40 global markets.",Seed,"Daphni, Entrepreneurs First, Motier Ventures, Transpose Platform",2026-05-01,992900886,,"Bastien Deliège-Coste, Jean Duquenne"
Otomato,Paris,"Web3, AI",startup,Seed,2000000,USD,2000000,https://www.otomato.xyz,"Otomato develops a portfolio-aware DeFi intelligence platform that monitors users' on-chain positions across multiple protocols and blockchains, providing real-time alerts on risks, costs, and opportunities.",Seed,Improbable,2026-05-01,,,"Clement Hecquet, Dylan Breugne"
MySunBed,Nice,"TravelTech, SaaS",startup,Seed,1600000,EUR,1739200,https://www.mysunbed.com,"MySunBed operates a marketplace for booking private beach sunbeds and provides management software for beach clubs and seaside establishments. The company positions itself as the ""Booking.com of private beaches.""",Seed,,2026-05-01,898434592,,"Sébastien Tomi, Brice Sorgia"
Leedflow,Nice,"PropTech, AI",startup,Seed,1500000,EUR,1630500,https://leedflow.com/,"Leedflow develops an AI-powered sales assistant that automates call summaries, CRM updates, contact records, and follow-up reminders for real estate professionals, helping agents improve lead management without changing their workflows.",Seed,"Édouard Le Goff, Vincent de Saint Sernin",2026-05-01,985354646,,Clément Réau
K-Ren,Mauguio,"CleanTech, DeepTech",startup,Seed,1200000,EUR,1304400,https://www.k-ren.fr,"K-Ren develops antifouling covers that keep boat hulls clean without the use of biocides, helping recreational boat owners reduce marine pollution while maintaining vessel performance.",Seed,"Sud Mer Invest, Frédéric Mazzella, Alexis Mulliez, Jean-Paul Costes, Jean-Marc Le Doussal, Sébastien Lacaze, Bpifrance, Banque Populaire du Sud, Caisse d'Epargne",2026-05-01,887627776,,"Lucie Doriez, Frédéric Planche"
Orakle Weather,Paris,"InsurTech, TravelTech",startup,Seed,550000,USD,550000,https://www.orakleweather.com,"Orakle Weather provides embedded weather insurance solutions for the tourism industry, automatically compensating customers when adverse weather conditions impact their travel or leisure experience.",Seed,,2026-05-01,979438967,,"Stella Jovet, Rym Ben Hassine"
Jinka,Paris,"PropTech, AI, SaaS",startup,Debt,1000000,EUR,1087000,https://www.jinka.fr,Jinka operates a real estate search platform that aggregates property listings and uses proprietary AI tools to help consumers find homes and assist real estate professionals with lead generation and performance optimization.,Debt,,2026-05-01,840936744,,Marc Lebel
LegalPlace,Paris,"LegalTech, FinTech, AI, SaaS",startup,Growth Equity,70000000,EUR,76090000,https://www.legalplace.fr,"LegalPlace provides digital tools and administrative services for entrepreneurs and SMEs, covering company formation, legal management, accounting, and business administration through an all-in-one platform.",Growth Equity,"XAnge, Eurazeo, Move Capital Fund I",2026-05-01,814428785,,"Racem Flazi, Mehdi Ouchallal, Samuel Goldstein"
Lithosquare,Paris,"ClimateTech, AI, DeepTech",startup,Seed,25000000,USD,25000000,https://www.lithosquare.com/,Lithosquare develops AI-powered mineral exploration technology designed to accelerate the discovery of critical raw material deposits by combining geological reasoning models with large-scale geoscience data analysis.,Seed,"World Fund, Kindred Capital, Daphni, Omnes Capital",2026-05-01,927888511,,"Ayméric Préveral-Etcheverry, Simon Leclair"
OpsMill,Paris,"SaaS, AI",startup,Series A,11900000,EUR,12935300,https://opsmill.com/,"OpsMill develops AI-ready infrastructure data management software that helps enterprises centralize, structure, and govern IT infrastructure data for automation and AI-driven operations. Its flagship platform, Infrahub, uses graph databases and version control to create a trusted system of record for complex IT environments.",Series A,"IRIS, BGV, Serena, Partech",2026-05-01,948875067,,"Damien Garros, Raphael Maunier"
Signadori Bio,Paris,BioTech,startup,Seed,11100000,EUR,12065700,https://www.signadoribio.com/,Signadori Bio is a preclinical-stage biotech developing an off-the-shelf in vivo engineered monocyte immunotherapy platform designed to treat solid tumors by reprogramming innate immune cells directly inside the body.,Seed,"Taiho Ventures, Sofinnova Partners, Invivo Partners",2026-05-01,928169697,,Selwyn Ho
Davis,Paris,"PropTech, AI",startup,Pre-Seed,4600000,EUR,5000200,https://meetdavis.com/,Davis is an AI-native real estate company accelerating early-stage real estate development and architectural design through proprietary generative AI models that produce architect-grade feasibility studies and building designs under real-world regulatory and financial constraints.,Pre-Seed,"Heartcore Capital, Balderton Capital, Yellow, Evantic, Entrepreneurs First",2026-05-01,994931996,,"Mehdi Rais, Amine Chraibi"
OneFlash,Paris,"Mobility, Energy",startup,Series A,3500000,EUR,3804500,https://www.oneflash.com,OneFlash operates a network of self-service portable battery charging stations that allow users to rent and return mobile power banks across high-traffic public locations.,Series A,Blast Club,2026-05-01,853831246,,Lucas Di Franco
Nelson,Paris,"Mobility, ClimateTech, SaaS",startup,Seed,3000000,EUR,3261000,https://nelson-mobility.com/,"NELSON develops a data-driven platform for enterprise fleet electrification, using simulation algorithms and digital twins to help companies optimize EV transition planning, charging infrastructure, operational costs, and fleet management.",Seed,"Asterion Ventures, La Poste Ventures, EIT Urban Mobility, Climate Club",2026-05-01,918697657,,"Alfred Richard, Inès Multrier, Julien Bou Abboud, Octave Locqueville"
Huelco,Moirans,"PropTech, ClimateTech, Hardware",startup,Seed,2500000,EUR,2717500,https://www.orioma.com/,"Huelco is a French deeptech group integrating semiconductor design, embedded software, and IoT technologies through its subsidiaries Orioma, Xdigit, and Steepulse. Its flagship product, LOBX, is an energy-autonomous IoT sensor for smart buildings powered by ambient light and designed to optimize energy efficiency and security.",Seed,"Financière de Sorlin, LVMA, Gestion Tourisme et Immobilier, Gacherey Holding, Bpifrance, Société Générale, BNP Paribas, Crédit Coopératif",2026-05-01,835393554,,Serdar Manakli
Objow,Lyon,SaaS,startup,Funding Round,2000000,EUR,2174000,https://objow.com,"Objow develops a performance animation and incentive platform designed to engage employees and partners at scale through gamified rewards, commitment tracking, and daily performance stimulation.",Funding Round,"Edenred Ventures, Crédit Agricole Création, HUB612 Caisse d'Epargne, Holnest, Aonia Ventures, Patrick Bertrand, Olivier Brourhant, Stéphane Assuid, Xavier Roussillon",2026-05-01,852715887,,"Jonathan Le Duc, Hadryen Chartier"
Kacentric Optics,Lannion,DeepTech,startup,Seed,1200000,EUR,1304400,https://www.kacentric.com/,"Kacentric Optics develops next-generation test and measurement equipment for the photonics industry, targeting applications such as photonic integrated circuits (PICs), spectroscopy, and quantum technologies.",Seed,Bpifrance,2026-05-01,879329555,,Michiel van der Keur
UroMems,Grenoble,"MedTech, Hardware",startup,Growth Equity,60000000,USD,60000000,https://www.uromems.com,"UroMems develops implantable mechatronic technologies for treating stress urinary incontinence, including UroActive®, a smart, automated artificial urinary sphincter powered by MEMS technology.",Growth Equity,Ajax Health Fund I,2026-05-01,533670931,,Hamid Lamraoui
Mantle8,Grenoble,"ClimateTech, DeepTech, Energy",startup,Series A,31000000,EUR,33697000,https://mantle8.com,"Mantle8 develops proprietary geological exploration technologies to identify and commercialize naturally occurring underground hydrogen reservoirs, aiming to provide low-cost, low-carbon energy at an industrial scale.",Series A,"Sandwater, Breakthrough Energy Ventures, Ecotechnologies 2, IP Group, Wind Capital, Calderion",2026-05-01,844719500,,Emmanuel Masini
Sêmeia,Toulouse,"HealthTech, Artificial Intelligence",startup,Growth Equity,21000000,EUR,22827000,https://www.semeia.io,"Sêmeia develops MedicWise, a data-driven remote patient monitoring platform that automates the collection and analysis of patient health data to support chronic disease management across multiple medical specialties.",Growth Equity,"Acton Capital, Mutuelles Impact, Citizen Capital, Banque des Territoires, Orange Ventures",2026-05-01,829055854,,Pierre Hornus
Sonomind,Paris,"MedTech, DeepTech, Hardware",startup,Series A,20000000,EUR,21740000,https://www.sonomind.com,"Sonomind develops a non-invasive, painless ultrasound-based medical device designed to treat mental health disorders, starting with treatment-resistant depression, through low-intensity focused ultrasound stimulation of deep brain regions.",Series A,"Critical Path Ventures, Bpifrance",2026-05-01,929049187,,"Jérémy Bercoff, Mickael Tanter, Jean-François Aubry"
White Circle,Paris,"Artificial Intelligence, Cybersecurity",startup,Seed,11000000,USD,11000000,https://whitecircle.ai/,"White Circle develops a real-time AI control and enforcement platform that monitors and governs AI model behavior inside enterprise applications, helping companies prevent jailbreaks, hallucinations, data leakage, and unsafe autonomous actions.",Seed,"Tiny VC, Romain Huet, Durk Kingma, Guillaume Lample, Thomas Wolf",2026-05-01,,,Denis Shilov
Virtual Browser,Paris,Cybersecurity,startup,Seed,6000000,EUR,6522000,https://virtualbrowser.com,Virtual Browser develops a remote browser isolation (RBI) cybersecurity platform that secures web navigation through a server-side zero trust architecture while preserving the native user experience through pixel streaming technology.,Seed,"GO Capital, BNP Paribas Développement, Auriga Cyber Ventures, Bpifrance",2026-05-01,929565539,,Edouard de Rémur
Fakto,Paris,"FinTech, Artificial Intelligence, SaaS",startup,Seed,3600000,EUR,3913200,https://fakto.io/,"Fakto develops an AI-powered platform that continuously analyzes supplier contracts, pricing grids, and invoices to detect billing discrepancies, contract deviations, and unclaimed procurement value for large enterprises.",Seed,"Frst, GFC, Darkmode, Alain Dehaze, Jean-Stéphane Arcis, Dominique Vidal",2026-05-01,999136732,,"Nicolas Vecchioli, Benjamin Mai"
TwoWay,Paris,FinTech,startup,Pre-Seed,1500000,EUR,1630500,https://www.twoway.finance/,"TwoWay develops institutional trading intelligence software that helps banks and asset managers process broker communications, pricing updates, and market signals across FX and fixed-income markets to improve price discovery and trading efficiency.",Pre-Seed,"welovefounders, Tenity, Plug and Play, SuperCapital, Unorthodox Partners",2026-05-01,931171557,,Chirine BenZaied-Bourgerie
Pivot,Paris,"FinTech, SaaS, AI",startup,Series B,40000000,USD,40000000,https://www.pivotapp.ai,"Pivot develops an AI-powered procurement operating system that automates sourcing, invoicing, payments, budgeting, expense management, and reporting for enterprise finance and procurement teams.",Series B,"Forestay Capital, Notion Capital, Greyhound, Hedosophia, Visionaries Club, Emblem",2026-05-01,953146446,,"Marc-Antoine Lacroix, Romain Libeau, Estelle Giuly"
Dust,Paris,"SaaS, AI",startup,Series B,40000000,USD,40000000,https://dust.tt,"Dust develops a collaborative AI operating system that enables organizations to deploy AI agents across teams and workflows, allowing humans and agents to work together in shared workspaces with unified context, governance, and enterprise integrations.",Series B,"Abstract, Sequoia, Snowflake Ventures, Datadog",2026-05-01,949205314,,"Stanislas Polu, Gabriel Hubert"
Prelude,Paris,"Cybersecurity, Identity & Authentication, AI Infrastructure, Fraud Prevention",startup,Series A,20000000,USD,20000000,https://www.prelude.so,"Prelude develops onboarding and trust infrastructure for the AI age, combining telecom data, device intelligence, behavioral signals, and machine learning to help companies verify users, reduce fraud, and improve onboarding conversion.",Series A,"20VC, Singular, Seedcamp, Deel, FDJ Ventures, Steffen Tjerrild, Willem Delbare, Antoine Le Nel, Felix Blossier, George Arison, Barney Hussey-Yeo, Will Wu",2026-05-01,921318432,,"Matias Berny, Quentin Le Bras"
Otrera,Aix-en-Provence,"Nuclear, Energy, DeepTech",startup,Growth Equity,17000000,EUR,18479000,https://otrera.fr,"Otrera develops fourth-generation sodium-cooled fast neutron reactors (RNR-Na) designed to support sovereign, low-carbon energy production through advanced nuclear technologies and closed fuel cycle capabilities.",Growth Equity,"France 2030, EDF, Groupe ADF, Exergon, Ingerop, Fortil Group, Normandie Participations, Onet Technologies, Groupe REEL, Groupe SNEF",2026-05-01,924880933,,"Frédéric Varaine, Jean-Éric Lucas"
Lucis,Paris,"HealthTech, AI",startup,Series A,20000000,USD,20000000,https://www.lucis.life/,Lucis is a preventive health platform combining blood biomarker testing with AI-powered analysis and physician-reviewed personalized recommendations to help users proactively monitor and improve their health.,Series A,"Singular, General Catalyst, Y Combinator",2026-05-01,927853952,,"Maxime Berthelot, Baptiste Debever"
Crossject,Dijon,"Biotech, MedTech",startup,Growth Equity,15000000,EUR,16305000,https://www.crossject.com,"CROSSJECT is a specialty pharmaceutical company developing emergency medicines using its proprietary ZENEO® needle-free auto-injector platform. Its lead product, ZEPIZURE®, is an injectable rescue therapy for epileptic seizures currently in advanced regulatory development.",Growth Equity,,2026-05-01,438822215,,Patrick Alexandre
Mister IA,Paris,"AI, EdTech",startup,Growth Equity,10000000,EUR,10870000,https://mister-ia.com,"Mister IA is a French AI consultancy and training company helping enterprises and public organizations deploy generative AI through consulting, executive education, and operational implementation services.",Growth Equity,"Momentum Invest, 199 Ventures, Robin Rivaton",2026-05-01,977834928,,"Vincent Pavanello, Martin Pavanello"
Dealinka,Valenciennes,CleanTech,startup,Growth Equity,6500000,EUR,7065500,https://www.dealinka.com,"Dealinka develops a digital platform helping companies redistribute unsold non-food inventory to charities instead of destroying products, optimizing allocation based on logistics, storage capacity, and product type.",Growth Equity,,2026-05-01,948306519,,"Ramil Alvarez, Alexis Raspilair"
Leadbay,Paris,"AI, SaaS",startup,Seed,4300000,USD,4300000,https://leadbay.ai,Leadbay develops an AI-powered prospecting platform designed to help sales teams identify SMBs and traditional businesses that generate few digital signals. Its AI agents analyze hundreds of weak signals to infer high-potential leads and automate prospect discovery workflows.,Seed,"Y Combinator, Rebel Ventures, Deel Ventures",2026-05-01,977615459,,"Ludovic Granger, Milan Stankovic"
Mediads,Paris,MarTech,startup,Seed,3000000,EUR,3261000,https://mediads.io/,"Mediads develops a ""social publishing"" platform enabling brands to amplify social advertising campaigns through premium media publishers rather than solely through advertiser-owned social accounts.",Seed,"Seventure Partners, 404 Ventures",2026-05-01,920035607,,"Alfred Cardinal, Stéphane Labrouche"
Ellipse,Paris,Mobility,startup,Seed,1500000,EUR,1630500,https://ellipsebikes.com,"Ellipse is a French electric bike manufacturer developing turnkey corporate bike leasing solutions combining e-bikes, maintenance, insurance, and employee support to promote ""bike as a benefit"" mobility programs.",Seed,"SideAngels, UT Invest, Bpifrance, Caisse d'Épargne",2026-05-01,885269514,,Robin Gabuthy
Alice & Bob,Paris,"Quantum Computing, DeepTech",startup,Series B,,,,https://alice-bob.com,"Alice & Bob develops fault-tolerant quantum computers using proprietary ""cat qubit"" technology designed to dramatically reduce the hardware overhead required for scalable quantum computing.",Series B,"NVIDIA, Future French Champions, AVP, Bpifrance",2026-05-01,881729156,,"Théau Peronnin, Raphaël Lescanne"
Eyst Technology,Courbevoie,"InsurTech, FinTech, SaaS",startup,Seed,,,,http://eyst.io/,"EYST develops a SaaS platform enabling insurance companies to instantly settle claims through virtual bank cards loaded with compensation amounts, improving customer experience, payment speed, and fraud detection capabilities.",Seed,216 Capital,2026-05-01,914735592,,Marwen Amamou
